{
    "name": "t:sections.header.name",
    "type": "header",
    "sections": {
        "announcement-bar": {
            "type": "announcement-bar",
            "blocks": {
                "announcement-1": {
                    "type": "announcement",
                    "settings": {
                        "text": "Students & Key Workers get 10% off 💰",
                        "text_alignment": "center",
                        "icon": "",
                        "mobile_text_size": 13,
                        "desktop_text_size": 13
                    }
                },
                "announcement-2": {
                    "type": "announcement",
                    "settings": {
                        "text": "Free shipping on all orders",
                        "text_alignment": "center",
                        "icon": "",
                        "mobile_text_size": 12,
                        "desktop_text_size": 13
                    }
                },
                "announcement-3": {
                    "type": "announcement",
                    "settings": {
                        "text": "Authenticity guaranteed",
                        "text_alignment": "center",
                        "icon": "",
                        "mobile_text_size": 12,
                        "desktop_text_size": 13
                    }
                }
            },
            "block_order": [
                "announcement-1",
                "announcement-2",
                "announcement-3"
            ],
            "settings": {
                "enable_marquee": false,
                "columns_desktop": 1,
                "columns_mobile": 1,
                "slider_desktop": true,
                "slider_mobile": true,
                "type": "loop",
                "autoplay": true,
                "autoplay_speed": 10,
                "color_scheme": "inverse"
            }
        },
        "header": {
            "type": "header",
            "settings": {
                "sticky_header_type": "none",
                "show_line_separator": true,
                "color_scheme": "accent-1",
                "logo_position": "middle-center",
                "menu": "main-menu",
                "highlight_active_link": true,
                "highlighted_link_color_scheme": "accent-1",
                "products_mega_menu_links": "",
                "products_mega_menu_display_collection_products": true,
                "products_mega_menu_display_collection_images": true,
                "products_mega_menu_display_collection_images_on_mobile": true,
                "mobile_menu_title": "Menu",
                "secondary_menu": "",
                "menu_color_scheme": "background-1",
                "mobile_logo_position": "center",
                "display_search": true,
                "margin_bottom": 0,
                "padding_top": 20,
                "padding_bottom": 20
            }
        }
    },
    "order": [
        "announcement-bar",
        "header"
    ]
}