{"sections":{"main":{"type":"main-404","disabled":true,"settings":{}},"image_banner_AWgU7a":{"type":"image-banner","blocks":{"heading_YWgm3r":{"type":"heading","settings":{"heading":"Image banner","heading_size":"h1"}},"text_ATjLBW":{"type":"text","settings":{"text":"Give customers details about the banner image(s) or content on the template.","text_style":"body"}},"buttons_kdLn3k":{"type":"buttons","settings":{"button_label_1":"Button label","button_link_1":"","button_style_secondary_1":false,"button_label_2":"Button label","button_link_2":"","button_style_secondary_2":false}}},"block_order":["heading_YWgm3r","text_ATjLBW","buttons_kdLn3k"],"settings":{"display_id":false,"visibility":"always-display","image_1_visibility":"always-display","image_2_visibility":"always-display","image_overlay_opacity":0,"image_height":"medium","url":"","desktop_content_position":"middle-center","show_text_box":true,"desktop_content_alignment":"center","color_scheme":"background-1","transparent_container_color":"white","mobile_content_alignment":"center","stack_images_on_mobile":true,"show_text_below":true}},"image_with_text_m4Lrfq":{"type":"image-with-text","blocks":{"heading_NNxEEd":{"type":"heading","settings":{"heading":"Image with text","heading_size":"h1"}},"text_BHCEVd":{"type":"text","settings":{"text":"<p>Pair text with an image to focus on your chosen product, collection, or blog post. Add details on availability, style, or even provide a review.<\/p>","text_style":"body"}},"button_E7dtAn":{"type":"button","settings":{"button_label":"Button label","button_link":""}}},"block_order":["heading_NNxEEd","text_BHCEVd","button_E7dtAn"],"settings":{"display_id":false,"visibility":"always-display","height":"adapt","content_layout":"no-overlap","color_scheme":"background-1","section_color_scheme":"background-1","desktop_image_width":"medium","layout":"image_first","desktop_content_position":"top","desktop_content_alignment":"left","mobile_full_media_width":false,"mobile_direction":"normal","mobile_content_alignment":"left","padding_top":36,"padding_bottom":36}},"featured_product_4xBNVL":{"type":"featured-product","blocks":{"title_WgJHUa":{"type":"title","settings":{"text_size":"h1","title_alignment":"left","uppercase_title":false,"margin_top":0,"margin_bottom":15}},"price_cjHErX":{"type":"price","settings":{"layout":"price_first","price_color":"accent-1","compare_price_color":"text","hide_sale_badge":false,"margin_top":15,"margin_bottom":15}},"variant_picker_pmPprF":{"type":"variant_picker","settings":{"picker_types":"pills, pills, pills","custom_labels":"","swatches_size":"medium","swatches_border_radius":100,"swatches_custom_colors":"disabled","swatches_custom_colors_list":"#000000, #FFFFFF","breaks_style":"normal","breaks_headline":"BUNDLE & SAVE","breaks_color_scheme":"accent-1","breaks_badges":"[empty], Most popular, [empty]","breaks_displayed_images":"variant_images","breaks_custom_images":"","breaks_image_width":70,"breaks_space_images":true,"breaks_labels":"[name], [name], [name]","breaks_benefits":"[empty], Free Shipping, Free Shipping","breaks_captions":"Variant 1 caption, Variant 2 caption, Variant 3 caption","breaks_price_texts":"[price], [price], [price]","breaks_compare_price_texts":"[compare_price], [compare_price], [compare_price]","margin_top":15,"margin_bottom":15}},"quantity_selector_TcTHnJ":{"type":"quantity_selector","settings":{"enable_quantity_discounts":false,"style":"normal","headline":"BUNDLE & SAVE","preselected":"option_1","enable_variant_selectors":true,"enable_variant_selectors_on_quantity_of_1":false,"hide_pickers_overlay":true,"image_width":70,"space_images":true,"color_scheme":"accent-1","option_1_quantity":1,"option_1_badge":"","option_1_label":"Buy [quantity]","option_1_benefit":"","option_1_caption":"You save [amount_saved]","option_1_percentage_off_text":"0","option_1_fixed_amount_off":"0","option_1_price_text":"[price]","option_1_compare_price":"compare_price","option_1_compare_price_text":"[compare_price]","option_2_quantity":2,"option_2_badge":"","option_2_label":"Buy [quantity]","option_2_benefit":"","option_2_caption":"You save [amount_saved]","option_2_percentage_off_text":"0","option_2_fixed_amount_off":"0","option_2_price_text":"[price]","option_2_compare_price":"compare_price","option_2_compare_price_text":"[compare_price]","option_3_quantity":3,"option_3_badge":"","option_3_label":"Buy [quantity]","option_3_benefit":"","option_3_caption":"You save [amount_saved]","option_3_percentage_off_text":"0","option_3_fixed_amount_off":"0","option_3_price_text":"[price]","option_3_compare_price":"compare_price","option_3_compare_price_text":"[compare_price]","option_4_quantity":4,"option_4_badge":"","option_4_label":"Buy [quantity]","option_4_benefit":"","option_4_caption":"You save [amount_saved]","option_4_percentage_off_text":"0","option_4_fixed_amount_off":"0","option_4_price_text":"[price]","option_4_compare_price":"compare_price","option_4_compare_price_text":"[compare_price]","margin_top":15,"margin_bottom":15}},"buy_buttons_EGXpHG":{"type":"buy_buttons","settings":{"show_dynamic_checkout":false,"skip_cart":false,"uppercase_text":true,"display_price":false,"enable_custom_color":false,"custom_color":"#dd1d1d","margin_top":24,"margin_bottom":24}},"share_9Me8by":{"type":"share","settings":{"share_label":"Share","margin_top":0,"margin_bottom":0}}},"block_order":["title_WgJHUa","price_cjHErX","variant_picker_pmPprF","quantity_selector_TcTHnJ","buy_buttons_EGXpHG","share_9Me8by"],"settings":{"display_id":false,"visibility":"always-display","product":"women-bags-alligator-pattern-chain-small-square-bag-vintage-flap-bee-purses-leisure-crossbody-bags-for-women-fashion-handbags-1","color_scheme":"background-1","secondary_background":false,"media_size":"medium","constrain_to_viewport":true,"media_fit":"contain","media_position":"left","image_zoom":"lightbox","hide_variants":false,"enable_video_looping":false,"mobile_media_corner_radius":12,"full_media_width":false,"padding_top":36,"padding_bottom":36}},"featured_collection_yNPPUD":{"type":"featured-collection","settings":{"display_id":false,"visibility":"always-display","title":"Featured collection","heading_size":"h1","description":"","show_description":false,"description_style":"body","collection":"","products_to_show":4,"columns_desktop":4,"stretch_cards":false,"full_width":false,"show_view_all":true,"view_all_style":"solid","enable_desktop_slider":false,"color_scheme":"background-1","image_ratio":"adapt","show_secondary_image":false,"badges":"regular","show_vendor":false,"show_rating":false,"enable_quick_add":false,"columns_mobile":"2","swipe_on_mobile":false,"padding_top":36,"padding_bottom":36}},"featured_collection_Wpj6hR":{"type":"featured-collection","settings":{"display_id":false,"visibility":"always-display","title":"Featured collection","heading_size":"h1","description":"","show_description":false,"description_style":"body","collection":"","products_to_show":4,"columns_desktop":4,"stretch_cards":false,"full_width":false,"show_view_all":true,"view_all_style":"solid","enable_desktop_slider":false,"color_scheme":"background-1","image_ratio":"adapt","show_secondary_image":false,"badges":"regular","show_vendor":false,"show_rating":false,"enable_quick_add":false,"columns_mobile":"2","swipe_on_mobile":false,"padding_top":36,"padding_bottom":36}},"testimonials_8GjCKT":{"type":"testimonials","blocks":{"column_CiR3Tt":{"type":"column","settings":{"title":"Heading","text":"<p>Share positive thoughts and feedback from your customer..<\/p>","author":"<em><strong>Author<\/strong><\/em>"}},"column_QA6mMw":{"type":"column","settings":{"title":"Heading","text":"<p>Share positive thoughts and feedback from your customer..<\/p>","author":"<em><strong>Author<\/strong><\/em>"}},"column_XHXfmp":{"type":"column","settings":{"title":"Heading","text":"<p>Share positive thoughts and feedback from your customer..<\/p>","author":"<em><strong>Author<\/strong><\/em>"}}},"block_order":["column_CiR3Tt","column_QA6mMw","column_XHXfmp"],"settings":{"display_id":false,"visibility":"always-display","title":"Testimonials","heading_size":"h1","text":"","color_scheme":"background-1","style":"cards","image_width":"full","image_ratio":"square","column_alignment":"center","show_stars":true,"stars_color":"#ffd700","show_quotes":true,"quotes_color_scheme":"accent-2","cards_color_scheme":"bg-overlay","type":"slide","autoplay":false,"autoplay_speed":5,"arrows_color_scheme":"inverse","transparent_arrows":true,"dots_color_scheme":"inverse","desktop_full_page":false,"columns_desktop":3,"slider_desktop":false,"per_move_desktop":1,"desktop_spacing":40,"desktop_side_padding":0,"desktop_padding_calc":true,"desktop_adaptive_height":false,"desktop_dots_position":"under","desktop_arrows_position":"sides","slider_mobile":true,"enable_mobile_preview":false,"mobile_adaptive_height":false,"mobile_dots_position":"under","mobile_arrows_position":"under","padding_top":36,"padding_bottom":36}}},"order":["main","image_banner_AWgU7a","image_with_text_m4Lrfq","featured_product_4xBNVL","featured_collection_yNPPUD","featured_collection_Wpj6hR","testimonials_8GjCKT"]}