{"sections":{"main":{"type":"main-page","disabled":true,"settings":{"padding_top":36,"padding_bottom":36}},"48a61bc7-365a-4136-bce5-4aa7f7623d0a":{"type":"track-order","settings":{"heading":"TRACK YOUR ORDER","text":"<p>Welcome to our tracking page! Here you can easily track the status of your order by simply entering the tracking number we provided in your confirmation email. Stay up-to-date with the latest information on your delivery and ensure a hassle-free experience. Thank you for choosing our services! If you have any questions don't hesitate to contact us.<\/p>","heading_size":"h1","button_label":"TRACK","button_full_width":true,"color_scheme":"background-1","padding_top":36,"padding_bottom":36}},"fd57cce8-d801-473c-9554-025221fb7723":{"type":"image-with-text","blocks":{"template--18472096104777__fd57cce8-d801-473c-9554-025221fb7723-1679865021003cfb75-0":{"type":"heading","settings":{"heading":"Get in touch!","heading_size":"h1"}},"template--18472096104777__fd57cce8-d801-473c-9554-025221fb7723-1679865021003cfb75-1":{"type":"text","settings":{"text":"<p>Pair text with an image to focus on your chosen product, collection, or blog post. Add details on availability, style, or even provide a review.<\/p>","text_style":"body"}},"template--18472096104777__fd57cce8-d801-473c-9554-025221fb7723-1679865021003cfb75-2":{"type":"button","settings":{"button_label":"Contact us","button_link":""}}},"block_order":["template--18472096104777__fd57cce8-d801-473c-9554-025221fb7723-1679865021003cfb75-0","template--18472096104777__fd57cce8-d801-473c-9554-025221fb7723-1679865021003cfb75-1","template--18472096104777__fd57cce8-d801-473c-9554-025221fb7723-1679865021003cfb75-2"],"settings":{"height":"adapt","content_layout":"overlap","color_scheme":"background-1","desktop_image_width":"medium","layout":"image_first","desktop_content_position":"top","desktop_content_alignment":"left","mobile_content_alignment":"left","padding_top":36,"padding_bottom":36}}},"order":["main","48a61bc7-365a-4136-bce5-4aa7f7623d0a","fd57cce8-d801-473c-9554-025221fb7723"]}