{"sections":{"main":{"type":"main-product","blocks":{"title":{"type":"title","settings":{"text_size":"h2","title_alignment":"left","show_vendor":false,"custom_vendor_label":"","uppercase_title":false,"margin_top":0,"margin_bottom":0}},"price":{"type":"price","settings":{"layout":"price_first","price_color":"accent-1","compare_price_color":"text","hide_sale_badge":false,"margin_top":9,"margin_bottom":15}},"5fcc0428-e768-4cb7-bea3-eb0274198dd1":{"type":"variant_picker","settings":{"picker_types":"pills, dropdown, dropdown","custom_labels":"[name] - [selected]","swatches_size":"medium","swatches_border_radius":100,"swatches_custom_colors":"disabled","swatches_custom_colors_list":"#000000, #6D388B, #0000FF, #FFCC00","full_width_dropdowns":false,"breaks_style":"normal","breaks_headline":"BUNDLE & SAVE","breaks_color_scheme":"accent-1","breaks_badges":"[empty], Most popular, [empty]","breaks_displayed_images":"variant_images","breaks_custom_images":"","breaks_image_width":70,"breaks_space_images":true,"breaks_labels":"[name], [name], [name]","breaks_benefits":"[empty], Free Shipping, Free Shipping","breaks_captions":"Variant 1 caption, Variant 2 caption, Variant 3 caption","breaks_price_texts":"[price], [price], [price]","breaks_compare_price_texts":"[compare_price], [compare_price], [compare_price]","margin_top":15,"margin_bottom":15}},"04ba004e-2f54-4936-8b1c-8bcadf6573f6":{"type":"quantity_selector","settings":{"enable_quantity_discounts":false,"style":"normal","headline":"BUNDLE & SAVE","preselected":"option_1","enable_variant_selectors":true,"enable_variant_selectors_on_quantity_of_1":false,"hide_pickers_overlay":true,"image_width":70,"space_images":true,"color_scheme":"accent-1","option_1_quantity":1,"option_1_badge":"","option_1_label":"Buy [quantity]","option_1_benefit":"","option_1_caption":"You save [amount_saved]","option_1_percentage_off_text":"0","option_1_fixed_amount_off":"0","option_1_price_text":"[price]","option_1_compare_price":"compare_price","option_1_compare_price_text":"[compare_price]","option_2_quantity":2,"option_2_badge":"","option_2_label":"Buy [quantity]","option_2_benefit":"","option_2_caption":"You save [amount_saved]","option_2_percentage_off_text":"0","option_2_fixed_amount_off":"0","option_2_price_text":"[price]","option_2_compare_price":"compare_price","option_2_compare_price_text":"[compare_price]","option_3_quantity":3,"option_3_badge":"","option_3_label":"Buy [quantity]","option_3_benefit":"","option_3_caption":"You save [amount_saved]","option_3_percentage_off_text":"0","option_3_fixed_amount_off":"0","option_3_price_text":"[price]","option_3_compare_price":"compare_price","option_3_compare_price_text":"[compare_price]","option_4_quantity":4,"option_4_badge":"","option_4_label":"Buy [quantity]","option_4_benefit":"","option_4_caption":"You save [amount_saved]","option_4_percentage_off_text":"0","option_4_fixed_amount_off":"0","option_4_price_text":"[price]","option_4_compare_price":"compare_price","option_4_compare_price_text":"[compare_price]","margin_top":15,"margin_bottom":15}},"buy_buttons":{"type":"buy_buttons","settings":{"show_dynamic_checkout":true,"skip_cart":false,"uppercase_text":true,"display_price":false,"enable_custom_color":false,"custom_color":"#53af01","margin_top":24,"margin_bottom":24}},"e7a28cbe-03cb-4c9d-a2c4-0e3e76ffb3e5":{"type":"sticky_atc","settings":{"function":"add_to_cart","display_when":"always","button_label":"Add to cart","enable_custom_btn_color":false,"custom_btn_color":"#dd1d1d","color_scheme":"background-1","star_color":"#ffcc00","stars_label":"(xxxx Reviews)","picker_type":"combined","desktop_show_image":true,"desktop_show_title":true,"desktop_rating_stars":false,"desktop_show_price":true,"desktop_show_sale_badge":true,"desktop_variant_picker":true,"desktop_full_button_width":false,"desktop_show_price_in_button":false,"desktop_transparent_bg":false,"mobile_show_image":false,"mobile_show_title":true,"mobile_rating_stars":false,"mobile_show_price":true,"mobile_show_sale_badge":false,"mobile_variant_picker":false,"mobile_full_button_width":false,"mobile_show_price_in_button":false,"mobile_transparent_bg":false}},"description":{"type":"description","settings":{"margin_top":24,"margin_bottom":24}}},"block_order":["title","price","5fcc0428-e768-4cb7-bea3-eb0274198dd1","04ba004e-2f54-4936-8b1c-8bcadf6573f6","buy_buttons","e7a28cbe-03cb-4c9d-a2c4-0e3e76ffb3e5","description"],"custom_css":[],"settings":{"enable_sticky_info":true,"display_variant_image_first":false,"media_size":"large","constrain_to_viewport":true,"media_fit":"contain","gallery_layout":"columns","media_position":"left","image_zoom":"none","hide_variants":true,"enable_video_looping":false,"desktop_thumbnails_count":5,"mobile_thumbnails":"hide","mobile_media_corner_radius":0,"mobile_spacing":false,"mobile_preview_media":false,"mobile_thumbnails_count":5,"mobile_pagination":"dots_overlay","hide_arrows":true,"dots_color_scheme":"inverse","trust_badge_position":"top-right","trust_badge_size":"medium","mobile_padding_top":0,"mobile_padding_bottom":16,"desktop_padding_top":36,"desktop_padding_bottom":36}},"related-products":{"type":"related-products","settings":{"display_id":false,"heading":"You may also like","heading_size":"h2","products_to_show":4,"columns_desktop":4,"color_scheme":"background-1","image_ratio":"adapt","show_secondary_image":false,"show_vendor":false,"show_rating":false,"columns_mobile":"2","padding_top":36,"padding_bottom":24}},"b321ab88-2b59-4dba-bade-54885c874ca5":{"type":"section-divider","settings":{"shape":"waves_3","flip_horizontal":false,"flip_vertical":false,"shape_color":"accent-1","background_color":"background-1","padding_top":0,"padding_bottom":0}}},"order":["main","related-products","b321ab88-2b59-4dba-bade-54885c874ca5"]}